column,dtype,missing_count,missing_pct,distinct_count,issue_level,recommended_action,notes
rev_Mean,float64,357,0.00357,37468,high,impute_encode_or_keep,5 negative values in mostly non-negative field
mou_Mean,float64,357,0.00357,9730,informational,impute_encode_or_keep,
totmrc_Mean,float64,357,0.00357,8491,high,impute_encode_or_keep,23 negative values in mostly non-negative field
da_Mean,float64,357,0.00357,172,informational,impute_encode_or_keep,
ovrmou_Mean,float64,357,0.00357,2638,informational,impute_encode_or_keep,
ovrrev_Mean,float64,357,0.00357,12315,informational,impute_encode_or_keep,
vceovr_Mean,float64,357,0.00357,7516,informational,impute_encode_or_keep,
datovr_Mean,float64,357,0.00357,774,informational,impute_encode_or_keep,
roam_Mean,float64,357,0.00357,5337,informational,impute_encode_or_keep,
change_mou,float64,891,0.00891,7711,informational,impute_encode_or_keep,
change_rev,float64,891,0.00891,32537,informational,impute_encode_or_keep,
drop_vce_Mean,float64,0,0.0,328,informational,impute_encode_or_keep,
drop_dat_Mean,float64,0,0.0,60,informational,impute_encode_or_keep,
blck_vce_Mean,float64,0,0.0,442,informational,impute_encode_or_keep,
blck_dat_Mean,float64,0,0.0,54,informational,impute_encode_or_keep,
unan_vce_Mean,float64,0,0.0,986,informational,impute_encode_or_keep,
unan_dat_Mean,float64,0,0.0,52,informational,impute_encode_or_keep,
plcd_vce_Mean,float64,0,0.0,2907,informational,impute_encode_or_keep,
plcd_dat_Mean,float64,0,0.0,389,informational,impute_encode_or_keep,
recv_vce_Mean,float64,0,0.0,1829,informational,impute_encode_or_keep,
recv_sms_Mean,float64,0,0.0,94,informational,impute_encode_or_keep,
comp_vce_Mean,float64,0,0.0,2316,informational,impute_encode_or_keep,
comp_dat_Mean,float64,0,0.0,366,informational,impute_encode_or_keep,
custcare_Mean,float64,0,0.0,209,informational,impute_encode_or_keep,
ccrndmou_Mean,float64,0,0.0,458,informational,impute_encode_or_keep,
cc_mou_Mean,float64,0,0.0,9231,informational,impute_encode_or_keep,
inonemin_Mean,float64,0,0.0,1312,informational,impute_encode_or_keep,
threeway_Mean,float64,0,0.0,91,informational,impute_encode_or_keep,
mou_cvce_Mean,float64,0,0.0,68951,informational,impute_encode_or_keep,
mou_cdat_Mean,float64,0,0.0,4420,informational,impute_encode_or_keep,
mou_rvce_Mean,float64,0,0.0,51988,informational,impute_encode_or_keep,
owylis_vce_Mean,float64,0,0.0,882,informational,impute_encode_or_keep,
mouowylisv_Mean,float64,0,0.0,26847,informational,impute_encode_or_keep,
iwylis_vce_Mean,float64,0,0.0,536,informational,impute_encode_or_keep,
mouiwylisv_Mean,float64,0,0.0,21287,informational,impute_encode_or_keep,
peak_vce_Mean,float64,0,0.0,2125,informational,impute_encode_or_keep,
peak_dat_Mean,float64,0,0.0,236,informational,impute_encode_or_keep,
mou_peav_Mean,float64,0,0.0,64094,informational,impute_encode_or_keep,
mou_pead_Mean,float64,0,0.0,3168,informational,impute_encode_or_keep,
opk_vce_Mean,float64,0,0.0,1928,informational,impute_encode_or_keep,
opk_dat_Mean,float64,0,0.0,257,informational,impute_encode_or_keep,
mou_opkv_Mean,float64,0,0.0,59693,informational,impute_encode_or_keep,
mou_opkd_Mean,float64,0,0.0,3539,informational,impute_encode_or_keep,
drop_blk_Mean,float64,0,0.0,514,informational,impute_encode_or_keep,
attempt_Mean,float64,0,0.0,2918,informational,impute_encode_or_keep,
complete_Mean,float64,0,0.0,2346,informational,impute_encode_or_keep,
callfwdv_Mean,float64,0,0.0,45,informational,impute_encode_or_keep,
callwait_Mean,float64,0,0.0,263,informational,impute_encode_or_keep,
churn,int64,0,0.0,2,informational,impute_encode_or_keep,
months,int64,0,0.0,56,informational,impute_encode_or_keep,
Customer_ID,int64,0,0.0,100000,informational,drop_leakage_id,
uniqsubs,int64,0,0.0,15,informational,impute_encode_or_keep,
actvsubs,int64,0,0.0,12,informational,impute_encode_or_keep,
new_cell,object,0,0.0,3,informational,impute_encode_or_keep,
crclscod,object,0,0.0,54,informational,impute_encode_or_keep,
asl_flag,object,0,0.0,2,informational,impute_encode_or_keep,
totcalls,int64,0,0.0,12230,informational,impute_encode_or_keep,
totmou,float64,0,0.0,23752,informational,impute_encode_or_keep,
totrev,float64,0,0.0,76104,informational,impute_encode_or_keep,
adjrev,float64,0,0.0,75274,informational,impute_encode_or_keep,
adjmou,float64,0,0.0,23455,informational,impute_encode_or_keep,
adjqty,int64,0,0.0,12185,informational,impute_encode_or_keep,
avgrev,float64,0,0.0,14863,informational,impute_encode_or_keep,
avgmou,float64,0,0.0,57931,informational,impute_encode_or_keep,
avgqty,float64,0,0.0,34704,informational,impute_encode_or_keep,
avg3mou,int64,0,0.0,3108,informational,impute_encode_or_keep,
avg3qty,int64,0,0.0,1438,informational,impute_encode_or_keep,
avg3rev,int64,0,0.0,507,informational,impute_encode_or_keep,
avg6mou,float64,2839,0.02839,2941,informational,impute_encode_or_keep,
avg6qty,float64,2839,0.02839,1376,informational,impute_encode_or_keep,
avg6rev,float64,2839,0.02839,451,high,impute_encode_or_keep,3 negative values in mostly non-negative field
prizm_social_one,object,7388,0.07388,5,informational,impute_encode_or_keep,missingness above 5%; missing indicator will be created
area,object,40,0.0004,19,informational,impute_encode_or_keep,
dualband,object,1,1e-05,4,informational,impute_encode_or_keep,
refurb_new,object,1,1e-05,2,informational,impute_encode_or_keep,
hnd_price,float64,847,0.00847,17,informational,impute_encode_or_keep,
phones,float64,1,1e-05,24,informational,impute_encode_or_keep,
models,float64,1,1e-05,14,informational,impute_encode_or_keep,
hnd_webcap,object,10189,0.10189,3,informational,impute_encode_or_keep,missingness above 5%; missing indicator will be created
truck,float64,1732,0.01732,2,informational,impute_encode_or_keep,
rv,float64,1732,0.01732,2,informational,impute_encode_or_keep,
ownrent,object,33706,0.33706,2,high,impute_encode_or_keep,missingness above 30%
lor,float64,30190,0.3019,16,high,impute_encode_or_keep,missingness above 30%
dwlltype,object,31909,0.31909,2,high,impute_encode_or_keep,missingness above 30%
marital,object,1732,0.01732,5,informational,impute_encode_or_keep,
adults,float64,23019,0.23019,6,informational,impute_encode_or_keep,missingness above 5%; missing indicator will be created
infobase,object,22079,0.22079,2,informational,impute_encode_or_keep,missingness above 5%; missing indicator will be created
income,float64,25436,0.25436,9,informational,impute_encode_or_keep,missingness above 5%; missing indicator will be created
numbcars,float64,49366,0.49366,3,high,impute_encode_or_keep,missingness above 30%
HHstatin,object,37923,0.37923,6,high,impute_encode_or_keep,missingness above 30%
dwllsize,object,38308,0.38308,15,high,impute_encode_or_keep,missingness above 30%
forgntvl,float64,1732,0.01732,2,informational,impute_encode_or_keep,
ethnic,object,1732,0.01732,17,informational,impute_encode_or_keep,
kid0_2,object,1732,0.01732,2,informational,impute_encode_or_keep,
kid3_5,object,1732,0.01732,2,informational,impute_encode_or_keep,
kid6_10,object,1732,0.01732,2,informational,impute_encode_or_keep,
kid11_15,object,1732,0.01732,2,informational,impute_encode_or_keep,
kid16_17,object,1732,0.01732,2,informational,impute_encode_or_keep,
creditcd,object,1732,0.01732,2,informational,impute_encode_or_keep,
eqpdays,float64,1,1e-05,1555,high,impute_encode_or_keep,133 negative values in mostly non-negative field
